From:
btech-bounces@smail.iitm.ac.in

To:
<btech@smail.iitm.ac.in>, <mtech@smail.iitm.ac.in>, <ma@smail.iitm.ac.in>, 
	<mba@smail.iitm.ac.in>, <ms@smail.iitm.ac.in>, <msc@smail.iitm.ac.in>,
	<phd@smail.iitm.ac.in>, <pdf@smail.iitm.ac.in>, "wardens@list.iitm.ac.in"
	<wardens@list.iitm.ac.in>, Boby George <boby@iitm.ac.in>, Sivakumar
	Srinivasan <dost@iitm.ac.in>,
	Chairman Council of Wardens <ccw@iitm.ac.in>, 
	General Secretary <gen_sec@smail.iitm.ac.in>, "sec_acaf@smail.iitm.ac.in"
	<sec_acaf@smail.iitm.ac.in>, "sec_arts@smail.iitm.ac.in"
	<sec_arts@smail.iitm.ac.in>, "sec_cocur@smail.iitm.ac.in"
	<sec_cocur@smail.iitm.ac.in>, "sec_hosaf@smal.iitm.ac.in"
	<sec_hosaf@smal.iitm.ac.in>, "sec_iar@smail.iitm.ac.in"
	<sec_iar@smail.iitm.ac.in>, "sec_lit@smail.iitm.ac.in"
	<sec_lit@smail.iitm.ac.in>, "sec_resaf@smail.iitm.ac.in"
	<sec_resaf@smail.iitm.ac.in>, "sec_sprts@smail.iitm.ac.in"
	<sec_sprts@smail.iitm.ac.in>, "spkr_sac@smail.iitm.ac.in"
	<spkr_sac@smail.iitm.ac.in>, Director IIT Madras <director@iitm.ac.in>, 
	Registrar <registrar@iitm.ac.in>, Dean IAR <deaniar@iitm.ac.in>, Dean
	Academic Courses <deanac@iitm.ac.in>, <deanadmn@iitm.ac.in>, Dean Academic
	Research <deanar@iitm.ac.in>, deanicsr <deanicsr@iitm.ac.in>,
	<deanplan@iitm.ac.in>, Head Aerospace Engineering <aehead@iitm.ac.in>, AE
	Office <office@ae.iitm.ac.in>, Head AppliedMechanics <amhead@iitm.ac.in>,
	Office Applied Mechanics <apoffice@iitm.ac.in>, Head Biotechnology
	<bthead@iitm.ac.in>, Office Biotechnology <btoffice@iitm.ac.in>, Head
	Chemical Engg <chhead@iitm.ac.in>, Office Chemical <choffice@iitm.ac.in>,
	Head Chemistry <cyhead@iitm.ac.in>,
	Office Chemistry <cyoffice@iitm.ac.in>, 
	Head Civil <cehod@iitm.ac.in>, Office Civil Engineering
	<ceoffice@iitm.ac.in>, Head Computer Science <cshead@iitm.ac.in>,
	<csoffice@cse.iitm.ac.in>, Head Electrical <eehead@iitm.ac.in>, Ee
	Dept.Office <eeoffice@ee.iitm.ac.in>, Head Engineering Design
	<edhead@iitm.ac.in>, Office Engineering Design <edoffice@iitm.ac.in>, Head
	Humanities and Social Sciences <hshead@iitm.ac.in>, Head Management Studies
	<mshead@iitm.ac.in>, DOMStudies <doms@iitm.ac.in>, Head Mathematics
	<mahead@iitm.ac.in>, Office Mathematics <maoffice@iitm.ac.in>, Head
	Mechanical <mehead@iitm.ac.in>, <mthead@iitm.ac.in>,
	<mtoffice@iitm.ac.in>, 
	Head Ocean Engineering <oehead@iitm.ac.in>, <headoec@iitm.ac.in>,
	"hod@physics.iitm.ac.in" <hod@physics.iitm.ac.in>,
	<office@physics.iitm.ac.in>, DR Academic <dracad@iitm.ac.in>,
	<secsec@iitm.ac.in>, Elumalai N <nelumalai@iitm.ac.in>, Aroon Narayanan
	<aroon.iitm@gmail.com>, Institute WebOps <institutewebops@gmail.com>,
	Arockiarajan A <aarajan@iitm.ac.in>, Advisor Training & Placement
	<adtp@iitm.ac.in>, adi <adi@iitm.ac.in>, Umakant Dash <dash@iitm.ac.in>,
	Sudheer K P <sudheer@iitm.ac.in>, Preeti Aghalayam <preeti@iitm.ac.in>, 
	Balaraman Ravindran <ravi@cse.iitm.ac.in>, Suresh Babu
	<sureshbabum@iitm.ac.in>, Sudarsan P <sudarsanp@iitm.ac.in>, Jyotirmaya
	Tripathy <jyotirmaya@iitm.ac.in>, Deputy Registrar Students
	<drstudents@iitm.ac.in>, <dirsecy@iitm.ac.in>, <regroff@iitm.ac.in>, Benny
	Raphael <benny@iitm.ac.in>, election <election@iitm.ac.in>, DOSTOFFICE
	<dostoffice@iitm.ac.in>, Perumal Vengadanathan <arstudents@iitm.ac.in>, 
	Academic Section Courses <cacad@iitm.ac.in>, <racad@iitm.ac.in>

Date:
15-3-2016

Thread ID:
1537b82ec05adb74

Subject:
Students General Elections 2016 - FINAL RESULTS

Body:
_______________________________________________
Btech mailing list
Btech@smail.iitm.ac.in



