From:
dostoffice iitm <dostoffice@iitm.ac.in>

To:
"wardens@list.iitm.ac.in" <wardens@list.iitm.ac.in>, "Dean (Students)"
	<dost@iitm.ac.in>, General Secretary <gen_sec@smail.iitm.ac.in>,
	"sec_acaf@smail.iitm.ac.in" <sec_acaf@smail.iitm.ac.in>,
	"sec_arts@smail.iitm.ac.in" <sec_arts@smail.iitm.ac.in>,
	"sec_cocur@smail.iitm.ac.in" <sec_cocur@smail.iitm.ac.in>,
	"sec_hosaf@smal.iitm.ac.in" <sec_hosaf@smal.iitm.ac.in>,
	"sec_iar@smail.iitm.ac.in" <sec_iar@smail.iitm.ac.in>,
	"sec_lit@smail.iitm.ac.in" <sec_lit@smail.iitm.ac.in>,
	"sec_resaf@smail.iitm.ac.in" <sec_resaf@smail.iitm.ac.in>,
	"sec_sprts@smail.iitm.ac.in" <sec_sprts@smail.iitm.ac.in>,
	"spkr_sac@smail.iitm.ac.in" <speaker@smail.iitm.ac.in>, election
	<election@iitm.ac.in>, Director IIT Madras <director@iitm.ac.in>, Registrar
	<registrar@iitm.ac.in>, Chief Security officer <cso@iitm.ac.in>,
	<alumni@iitm.ac.in>, Advisor Training & Placement <adtp@iitm.ac.in>, Training
 & Placement <placement@iitm.ac.in>, <oaa@iitm.ac.in>, Advisor Sports
	<adsports@smail.iitm.ac.in>, <adcocur@smail.iitm.ac.in>,
	<adcul@smail.iitm.ac.in>, CMGFS <cmgfs@smail.iitm.ac.in>,
	<deanadmn@iitm.ac.in>, <deanplan@iitm.ac.in>, Dean Academic Courses
	<deanac@iitm.ac.in>, Dean Academic Research <deanar@iitm.ac.in>, deanicsr
	<deanicsr@iitm.ac.in>, Dean IAR <deaniar@iitm.ac.in>, Courses DR
	<drcourses@iitm.ac.in>, Research DR <drresearch@iitm.ac.in>, Academic Section
 Courses <cacad@iitm.ac.in>, <cchead@iitm.ac.in>, Head Aerospace Engineering
	<aehead@iitm.ac.in>, AE Office <office@ae.iitm.ac.in>, Head AppliedMechanics
	<amhead@iitm.ac.in>, Office Applied Mechanics <apoffice@iitm.ac.in>, Head
 Biotechnology <bthead@iitm.ac.in>, Office Biotechnology
	<btoffice@iitm.ac.in>, Head Chemical Engg <chhead@iitm.ac.in>, Office
 Chemical <choffice@iitm.ac.in>, Head Chemistry <cyhead@iitm.ac.in>, Office
 Chemistry <cyoffice@iitm.ac.in>, Head Civil <cehod@iitm.ac.in>, Office Civil
 Engineering <ceoffice@iitm.ac.in>, Head Computer Science <cshead@iitm.ac.in>,
	<csoffice@cse.iitm.ac.in>, Head Electrical <eehead@iitm.ac.in>, Ee
 Dept.Office <eeoffice@ee.iitm.ac.in>, Head Engineering Design
	<edhead@iitm.ac.in>, Office Engineering Design <edoffice@iitm.ac.in>, Head
 Humanities and Social Sciences <hshead@iitm.ac.in>, Head Management Studies
	<mshead@iitm.ac.in>, DOMStudies <doms@iitm.ac.in>, Head Mathematics
	<mahead@iitm.ac.in>, Office Mathematics <maoffice@iitm.ac.in>, Head
 Mechanical <mehead@iitm.ac.in>, <mthead@iitm.ac.in>, <mtoffice@iitm.ac.in>,
	<headoec@iitm.ac.in>, "hod@physics.iitm.ac.in" <hod@physics.iitm.ac.in>,
	<office@physics.iitm.ac.in>, <students@smail.iitm.ac.in>

Date:
27-9-2016

Thread ID:
1576b829d2d1a7c5

Subject:
Re: Final Nominations 2016 (September)

Body:


